Group,Count,Avg_1d_Return_%,Avg_3d_Return_%,Avg_5d_Return_%,Avg_MaxAdverse_5d_%
Baseline,235,0.13156268993791606,0.32813601043616025,0.6287162935330624,-5.926166261549149
OversoldExtreme,9,-1.2965840483868034,-1.4592291795511878,-7.590487486600354,-12.253225291542547
OverboughtExtreme,3,1.6593254346295438,2.4814755326937816,3.214308394083565,-0.9599801264196536
